Date,Open,High,Low,Close,Volume,Ticker
2019-01-01,100.0,101.48,100.43,100.78,8185115,DEMO
2019-01-02,100.78,101.06,100.52,100.6,3585181,DEMO
2019-01-03,100.6,101.63,101.2,101.6,8981512,DEMO
2019-01-04,101.6,104.29,103.8,103.96,3269798,DEMO
2019-01-07,103.96,103.98,102.64,103.62,5181726,DEMO
2019-01-08,103.62,103.49,103.18,103.29,4439289,DEMO
2019-01-09,103.29,106.24,105.77,105.77,7641620,DEMO
2019-01-10,105.77,107.36,106.58,107.02,8685815,DEMO
2019-01-11,107.02,106.85,105.94,106.29,9521267,DEMO
2019-01-14,106.29,107.48,106.69,107.19,3598475,DEMO
2019-01-15,107.19,107.18,105.62,106.48,1639872,DEMO
2019-01-16,106.48,105.87,105.36,105.77,4855798,DEMO
2019-01-17,105.77,107.28,105.77,106.18,5941412,DEMO
2019-01-18,106.18,103.52,102.68,103.17,3959470,DEMO
2019-01-21,103.17,101.4,100.11,100.53,1936320,DEMO
2019-01-22,100.53,99.81,99.61,99.71,6010168,DEMO
2019-01-23,99.71,98.55,98.1,98.23,6422569,DEMO
2019-01-24,98.23,98.96,97.73,98.72,2647824,DEMO
2019-01-25,98.72,97.56,97.09,97.4,4383973,DEMO
2019-01-28,97.4,95.57,94.78,95.37,6810786,DEMO
2019-01-29,95.37,97.75,97.46,97.49,5125903,DEMO
2019-01-30,97.49,97.47,97.06,97.19,9821437,DEMO
2019-01-31,97.19,97.33,96.66,97.32,5411054,DEMO
2019-02-01,97.32,96.29,94.65,95.27,5314896,DEMO
2019-02-04,95.27,95.34,93.09,94.52,1234000,DEMO
2019-02-05,94.52,94.91,94.62,94.71,9710745,DEMO
2019-02-06,94.71,93.12,92.26,93.1,8942992,DEMO
2019-02-07,93.1,93.71,93.07,93.65,8144013,DEMO
2019-02-08,93.65,93.12,92.74,92.84,5573957,DEMO
2019-02-11,92.84,92.93,92.23,92.46,9955118,DEMO
2019-02-12,92.46,91.77,91.28,91.65,1708092,DEMO
2019-02-13,91.65,95.01,93.77,94.23,8724826,DEMO
2019-02-14,94.23,94.42,94.01,94.23,2097996,DEMO
2019-02-15,94.23,93.07,92.53,92.77,9988400,DEMO
2019-02-18,92.77,94.17,93.44,93.94,5817911,DEMO
2019-02-19,93.94,92.97,90.98,92.25,5858939,DEMO
2019-02-20,92.25,93.13,92.38,92.56,7254597,DEMO
2019-02-21,92.56,90.53,89.64,89.87,1668629,DEMO
2019-02-22,89.87,88.21,88.1,88.11,2171248,DEMO
2019-02-25,88.11,88.86,87.61,88.39,2383640,DEMO
2019-02-26,88.39,90.15,89.09,89.4,1513953,DEMO
2019-02-27,89.4,89.86,89.47,89.66,7051865,DEMO
2019-02-28,89.66,90.01,89.29,89.53,7434323,DEMO
2019-03-01,89.53,89.17,89.08,89.15,5563653,DEMO
2019-03-04,89.15,87.28,86.84,87.2,8801402,DEMO
2019-03-05,87.2,86.67,85.8,86.28,1685503,DEMO
2019-03-06,86.28,85.99,85.71,85.71,9811249,DEMO
2019-03-07,85.71,87.79,87.1,87.1,1337283,DEMO
2019-03-08,87.1,88.22,87.43,87.57,5777421,DEMO
2019-03-11,87.57,85.87,85.22,85.28,9779788,DEMO
2019-03-12,85.28,85.99,85.37,85.72,6696390,DEMO
2019-03-13,85.72,85.42,84.89,85.26,4699243,DEMO
2019-03-14,85.26,84.62,84.14,84.42,3497934,DEMO
2019-03-15,84.42,85.33,85.09,85.22,1578110,DEMO
2019-03-18,85.22,86.8,85.98,86.56,5218346,DEMO
2019-03-19,86.56,88.09,87.43,87.79,5602606,DEMO
2019-03-20,87.79,86.73,86.51,86.72,7964203,DEMO
2019-03-21,86.72,86.85,85.96,86.34,9284578,DEMO
2019-03-22,86.34,87.03,86.68,86.79,5343699,DEMO
2019-03-25,86.79,88.25,88.0,88.09,8153314,DEMO
2019-03-26,88.09,87.82,87.11,87.48,4710879,DEMO
2019-03-27,87.48,88.51,87.21,87.27,7926767,DEMO
2019-03-28,87.27,86.34,85.68,85.84,3906492,DEMO
2019-03-29,85.84,85.06,84.29,84.33,4534150,DEMO
2019-04-01,84.33,85.54,85.27,85.38,7142314,DEMO
2019-04-02,85.38,87.63,86.89,87.14,6686321,DEMO
2019-04-03,87.14,87.64,86.02,87.08,2741888,DEMO
2019-04-04,87.08,88.93,88.35,88.41,1122019,DEMO
2019-04-05,88.41,89.13,88.29,88.92,2765317,DEMO
2019-04-08,88.92,88.24,87.68,88.09,1179001,DEMO
2019-04-09,88.09,88.61,88.16,88.59,9202637,DEMO
2019-04-10,88.59,90.88,90.1,90.66,4245988,DEMO
2019-04-11,90.66,90.67,90.6,90.64,4127022,DEMO
2019-04-12,90.64,93.39,92.7,92.79,9982339,DEMO
2019-04-15,92.79,89.62,88.9,89.17,8045927,DEMO
2019-04-16,89.17,90.52,90.16,90.3,3416826,DEMO
2019-04-17,90.3,91.15,90.17,90.45,8780047,DEMO
2019-04-18,90.45,90.26,89.53,90.07,5290447,DEMO
2019-04-19,90.07,90.9,90.16,90.22,1144771,DEMO
2019-04-22,90.22,87.93,87.36,87.56,6214636,DEMO
2019-04-23,87.56,87.45,87.29,87.29,6749593,DEMO
2019-04-24,87.29,87.94,87.52,87.79,2008923,DEMO
2019-04-25,87.79,89.9,89.11,89.76,2820908,DEMO
2019-04-26,89.76,90.01,88.07,89.09,9499970,DEMO
2019-04-29,89.09,88.2,87.79,88.04,4916533,DEMO
2019-04-30,88.04,87.59,86.87,87.4,6533831,DEMO
2019-05-01,87.4,89.08,88.4,88.63,5370602,DEMO
2019-05-02,88.63,89.2,89.02,89.09,3680990,DEMO
2019-05-03,89.09,88.52,88.21,88.41,5667592,DEMO
2019-05-06,88.41,89.2,88.47,89.11,3362854,DEMO
2019-05-07,89.11,89.3,89.13,89.27,8284268,DEMO
2019-05-08,89.27,90.61,90.46,90.6,3409409,DEMO
2019-05-09,90.6,89.99,89.39,89.67,4050999,DEMO
2019-05-10,89.67,89.28,88.75,89.25,4051622,DEMO
2019-05-13,89.25,89.08,88.3,88.76,1775292,DEMO
2019-05-14,88.76,86.87,86.8,86.83,4927352,DEMO
2019-05-15,86.83,87.28,86.95,87.25,3333647,DEMO
2019-05-16,87.25,88.49,87.14,87.61,4723234,DEMO
2019-05-17,87.61,88.05,86.97,87.65,7572829,DEMO
2019-05-20,87.65,87.52,87.01,87.37,1189073,DEMO
2019-05-21,87.37,85.96,85.38,85.54,1359281,DEMO
2019-05-22,85.54,86.25,84.64,85.02,8115972,DEMO
2019-05-23,85.02,85.49,84.24,84.61,5414011,DEMO
2019-05-24,84.61,83.68,83.15,83.62,2085610,DEMO
2019-05-27,83.62,83.9,82.94,83.44,9181932,DEMO
2019-05-28,83.44,84.41,83.28,83.97,8752342,DEMO
2019-05-29,83.97,86.64,85.98,86.37,4858884,DEMO
2019-05-30,86.37,87.08,86.35,86.62,2059165,DEMO
2019-05-31,86.62,87.26,86.84,86.99,6300101,DEMO
2019-06-03,86.99,87.75,86.65,86.91,8595959,DEMO
2019-06-04,86.91,84.52,84.21,84.44,4933817,DEMO
2019-06-05,84.44,84.52,84.36,84.43,7932973,DEMO
2019-06-06,84.43,84.9,84.51,84.53,1576515,DEMO
2019-06-07,84.53,87.9,87.24,87.68,5287382,DEMO
2019-06-10,87.68,87.52,87.13,87.45,3050053,DEMO
2019-06-11,87.45,88.04,87.65,87.88,6021983,DEMO
2019-06-12,87.88,88.91,87.76,87.86,1759401,DEMO
2019-06-13,87.86,86.37,85.91,86.34,2985681,DEMO
2019-06-14,86.34,87.94,86.72,87.85,3561913,DEMO
2019-06-17,87.85,89.33,88.78,88.87,5067784,DEMO
2019-06-18,88.87,90.44,88.86,89.95,2549317,DEMO
2019-06-19,89.95,89.27,88.4,88.75,5262511,DEMO
2019-06-20,88.75,90.93,90.63,90.64,7625655,DEMO
2019-06-21,90.64,89.27,88.65,88.76,1888698,DEMO
2019-06-24,88.76,90.3,89.56,89.57,4486142,DEMO
2019-06-25,89.57,93.07,92.29,92.54,2559657,DEMO
2019-06-26,92.54,91.33,90.65,91.19,9196906,DEMO
2019-06-27,91.19,90.79,89.94,90.45,8697808,DEMO
2019-06-28,90.45,90.64,90.28,90.61,6938271,DEMO
2019-07-01,90.61,90.1,89.63,89.95,4880323,DEMO
2019-07-02,89.95,88.03,87.69,87.89,1545726,DEMO
2019-07-03,87.89,88.19,87.99,88.0,3680259,DEMO
2019-07-04,88.0,87.33,86.34,86.63,8766824,DEMO
2019-07-05,86.63,87.47,87.01,87.27,9830852,DEMO
2019-07-08,87.27,86.2,85.94,86.09,8399839,DEMO
2019-07-09,86.09,88.54,87.87,88.12,1490999,DEMO
2019-07-10,88.12,87.63,87.06,87.11,4189189,DEMO
2019-07-11,87.11,87.25,86.04,86.71,7200853,DEMO
2019-07-12,86.71,88.06,87.25,87.8,8622611,DEMO
2019-07-15,87.8,86.51,85.57,86.2,9796015,DEMO
2019-07-16,86.2,86.65,86.45,86.52,2303306,DEMO
2019-07-17,86.52,88.85,88.22,88.25,6489612,DEMO
2019-07-18,88.25,86.21,86.07,86.14,9809210,DEMO
2019-07-19,86.14,86.46,86.3,86.41,7567304,DEMO
2019-07-22,86.41,86.85,86.68,86.77,9445243,DEMO
2019-07-23,86.77,87.82,87.16,87.82,3343136,DEMO
2019-07-24,87.82,86.69,85.52,86.21,6568017,DEMO
2019-07-25,86.21,85.14,84.18,84.53,5422888,DEMO
2019-07-26,84.53,85.9,85.17,85.22,7424342,DEMO
2019-07-29,85.22,85.99,84.92,85.62,8128146,DEMO
2019-07-30,85.62,86.4,85.9,85.97,2720444,DEMO
2019-07-31,85.97,87.37,85.73,86.44,1085166,DEMO
2019-08-01,86.44,85.86,85.58,85.59,9074308,DEMO
2019-08-02,85.59,86.48,85.81,85.91,4443571,DEMO
2019-08-05,85.91,87.02,85.77,86.31,1297883,DEMO
2019-08-06,86.31,85.85,85.15,85.42,7850529,DEMO
2019-08-07,85.42,88.13,87.67,87.83,1756079,DEMO
2019-08-08,87.83,89.48,88.34,88.48,4633646,DEMO
2019-08-09,88.48,87.35,86.37,86.93,2443401,DEMO
2019-08-12,86.93,87.95,87.57,87.81,7770153,DEMO
2019-08-13,87.81,87.63,86.07,86.55,4011165,DEMO
2019-08-14,86.55,88.6,87.49,87.6,2186430,DEMO
2019-08-15,87.6,89.77,88.93,89.15,5155304,DEMO
2019-08-16,89.15,88.8,87.58,88.08,7915096,DEMO
2019-08-19,88.08,89.83,88.67,89.38,7710605,DEMO
2019-08-20,89.38,91.06,89.5,89.96,4809395,DEMO
2019-08-21,89.96,91.72,90.72,91.09,3659786,DEMO
2019-08-22,91.09,93.98,93.12,93.71,2160714,DEMO
2019-08-23,93.71,93.67,93.29,93.4,9701524,DEMO
2019-08-26,93.4,92.76,92.15,92.37,9737452,DEMO
2019-08-27,92.37,91.51,90.71,91.16,5322751,DEMO
2019-08-28,91.16,90.2,90.04,90.08,6248575,DEMO
2019-08-29,90.08,90.05,89.85,90.0,2612033,DEMO
2019-08-30,90.0,90.51,90.42,90.49,3931531,DEMO
2019-09-02,90.49,91.23,90.51,90.89,4324024,DEMO
2019-09-03,90.89,92.17,91.08,92.04,8123753,DEMO
2019-09-04,92.04,92.87,91.35,92.09,5875217,DEMO
2019-09-05,92.09,94.17,94.04,94.12,2414474,DEMO
2019-09-06,94.12,94.24,92.83,93.78,9741647,DEMO
2019-09-09,93.78,98.17,97.63,97.63,9050418,DEMO
2019-09-10,97.63,98.67,98.49,98.58,6620724,DEMO
2019-09-11,98.58,98.02,97.17,97.34,3957498,DEMO
2019-09-12,97.34,96.25,95.72,95.81,6244761,DEMO
2019-09-13,95.81,97.29,95.87,96.53,7199951,DEMO
2019-09-16,96.53,96.71,95.17,96.23,2569720,DEMO
2019-09-17,96.23,97.75,96.55,97.29,6181930,DEMO
2019-09-18,97.29,98.5,97.32,98.01,8496110,DEMO
2019-09-19,98.01,98.05,97.81,97.94,8643374,DEMO
2019-09-20,97.94,96.99,96.51,96.72,6134639,DEMO
2019-09-23,96.72,95.01,94.27,94.55,4571387,DEMO
2019-09-24,94.55,94.0,93.2,93.95,5914150,DEMO
2019-09-25,93.95,95.82,94.96,95.18,6282433,DEMO
2019-09-26,95.18,95.8,94.55,95.52,8738170,DEMO
2019-09-27,95.52,93.91,93.12,93.76,1909210,DEMO
2019-09-30,93.76,94.78,93.94,94.03,9421374,DEMO
2019-10-01,94.03,94.81,94.29,94.6,7240327,DEMO
2019-10-02,94.6,93.39,93.18,93.38,9158470,DEMO
2019-10-03,93.38,93.88,93.61,93.62,7289270,DEMO
2019-10-04,93.62,93.84,93.43,93.73,2460235,DEMO
2019-10-07,93.73,92.78,91.93,92.15,2458316,DEMO
2019-10-08,92.15,92.73,91.84,92.68,2427197,DEMO
2019-10-09,92.68,93.68,93.39,93.48,5128784,DEMO
2019-10-10,93.48,95.09,94.69,95.03,8139580,DEMO
2019-10-11,95.03,96.82,95.94,96.56,5932048,DEMO
2019-10-14,96.56,94.62,94.14,94.59,7768419,DEMO
2019-10-15,94.59,93.31,93.07,93.29,4861460,DEMO
2019-10-16,93.29,94.37,93.34,94.04,8102983,DEMO
2019-10-17,94.04,95.11,94.62,94.79,4053380,DEMO
2019-10-18,94.79,96.22,95.4,95.55,1311385,DEMO
2019-10-21,95.55,101.99,101.1,101.1,7918863,DEMO
2019-10-22,101.1,102.63,101.36,102.0,8916323,DEMO
2019-10-23,102.0,104.13,103.45,103.77,4607323,DEMO
2019-10-24,103.77,105.66,104.82,105.28,7514524,DEMO
2019-10-25,105.28,106.82,106.1,106.34,7257838,DEMO
2019-10-28,106.34,106.03,105.63,105.87,7415261,DEMO
2019-10-29,105.87,107.78,106.97,107.11,1809359,DEMO
2019-10-30,107.11,106.26,105.67,105.9,3201580,DEMO
2019-10-31,105.9,105.7,105.52,105.56,2494139,DEMO
2019-11-01,105.56,105.26,103.72,104.82,6473660,DEMO
2019-11-04,104.82,106.11,104.85,104.98,4009828,DEMO
2019-11-05,104.98,109.3,108.46,108.66,5152092,DEMO
2019-11-06,108.66,105.81,105.3,105.65,1069518,DEMO
2019-11-07,105.65,107.1,106.37,106.77,1176355,DEMO
2019-11-08,106.77,104.43,104.12,104.21,9508851,DEMO
2019-11-11,104.21,103.6,103.17,103.51,6201682,DEMO
2019-11-12,103.51,105.3,104.53,105.23,7042060,DEMO
2019-11-13,105.23,105.39,104.61,105.36,8230057,DEMO
2019-11-14,105.36,103.77,103.38,103.69,7687764,DEMO
2019-11-15,103.69,103.1,101.65,102.61,4199039,DEMO
2019-11-18,102.61,104.83,103.16,103.69,3776374,DEMO
2019-11-19,103.69,102.87,102.23,102.58,7683635,DEMO
2019-11-20,102.58,103.65,102.54,102.95,3318620,DEMO
2019-11-21,102.95,103.09,102.03,103.05,4487379,DEMO
2019-11-22,103.05,103.39,101.61,102.07,8300259,DEMO
2019-11-25,102.07,105.81,104.75,105.38,7295425,DEMO
2019-11-26,105.38,107.29,106.03,106.42,3429151,DEMO
2019-11-27,106.42,104.08,103.21,103.22,1041743,DEMO
2019-11-28,103.22,103.82,103.04,103.54,9559556,DEMO
2019-11-29,103.54,102.83,102.33,102.54,6521452,DEMO
2019-12-02,102.54,104.73,103.52,103.88,7850322,DEMO
2019-12-03,103.88,102.87,102.62,102.68,8950806,DEMO
2019-12-04,102.68,102.64,102.23,102.53,9890401,DEMO
2019-12-05,102.53,103.64,102.32,103.34,9714892,DEMO
2019-12-06,103.34,105.24,103.89,104.71,2830314,DEMO
2019-12-09,104.71,103.19,102.03,102.86,4777341,DEMO
2019-12-10,102.86,103.0,102.32,102.37,9657116,DEMO
2019-12-11,102.37,101.69,101.22,101.67,5585315,DEMO
2019-12-12,101.67,101.1,100.04,100.71,6898931,DEMO
2019-12-13,100.71,103.53,103.31,103.41,5976563,DEMO
2019-12-16,103.41,104.87,103.59,104.06,2770403,DEMO
2019-12-17,104.06,102.3,102.06,102.13,5371272,DEMO
2019-12-18,102.13,104.0,102.78,103.56,8568370,DEMO
2019-12-19,103.56,107.96,106.12,106.89,5929426,DEMO
2019-12-20,106.89,108.78,108.57,108.58,1506995,DEMO
2019-12-23,108.58,106.79,105.47,106.14,3185454,DEMO
2019-12-24,106.14,106.04,105.21,105.4,7262094,DEMO
2019-12-25,105.4,108.33,106.96,107.43,8928248,DEMO
2019-12-26,107.43,106.55,106.1,106.33,3072723,DEMO
2019-12-27,106.33,107.44,105.67,107.06,6227528,DEMO
2019-12-30,107.06,108.37,108.23,108.34,1565635,DEMO
2019-12-31,108.34,107.17,106.63,106.87,1527409,DEMO
2020-01-01,106.87,106.84,106.59,106.8,1287635,DEMO
2020-01-02,106.8,101.92,101.02,101.64,1583510,DEMO
2020-01-03,101.64,100.57,99.58,100.11,5722340,DEMO
2020-01-06,100.11,99.85,99.42,99.76,5778972,DEMO
2020-01-07,99.76,98.62,97.34,97.93,7335787,DEMO
2020-01-08,97.93,100.41,99.46,100.35,2693481,DEMO
2020-01-09,100.35,98.67,98.07,98.23,4061342,DEMO
2020-01-10,98.23,97.97,97.36,97.61,1600198,DEMO
2020-01-13,97.61,98.44,97.79,97.83,1397891,DEMO
2020-01-14,97.83,100.52,99.8,99.98,4081362,DEMO
2020-01-15,99.98,98.15,97.61,97.85,5694505,DEMO
2020-01-16,97.85,100.13,99.25,99.59,4647965,DEMO
2020-01-17,99.59,99.79,99.62,99.63,2041566,DEMO
2020-01-20,99.63,98.79,97.66,98.2,6081502,DEMO
2020-01-21,98.2,98.98,98.37,98.91,2619282,DEMO
2020-01-22,98.91,100.38,98.9,99.23,4434078,DEMO
2020-01-23,99.23,98.56,97.8,98.37,4297466,DEMO
2020-01-24,98.37,98.6,98.17,98.5,5441971,DEMO
2020-01-27,98.5,98.11,97.74,97.96,5850825,DEMO
2020-01-28,97.96,98.22,97.31,98.16,8323777,DEMO
2020-01-29,98.16,99.24,98.83,99.16,7805697,DEMO
2020-01-30,99.16,101.91,100.94,101.55,6595095,DEMO
2020-01-31,101.55,100.17,99.21,99.7,8438096,DEMO
2020-02-03,99.7,103.32,102.68,102.92,4053407,DEMO
2020-02-04,102.92,100.6,99.7,99.93,2417231,DEMO
2020-02-05,99.93,100.65,99.34,99.74,1407974,DEMO
2020-02-06,99.74,100.9,100.52,100.65,4604724,DEMO
2020-02-07,100.65,101.66,100.8,101.1,7818922,DEMO
2020-02-10,101.1,101.26,99.47,100.19,7847575,DEMO
2020-02-11,100.19,100.1,99.03,99.9,2151882,DEMO
2020-02-12,99.9,100.43,98.71,99.19,7456182,DEMO
2020-02-13,99.19,98.35,98.31,98.35,9118612,DEMO
2020-02-14,98.35,100.05,99.23,99.63,7999366,DEMO
2020-02-17,99.63,100.23,99.78,100.19,3471321,DEMO
2020-02-18,100.19,99.23,98.92,99.18,1700270,DEMO
2020-02-19,99.18,101.01,100.34,100.55,9479025,DEMO
2020-02-20,100.55,101.19,100.34,101.04,5622942,DEMO
2020-02-21,101.04,102.44,101.97,102.31,1192458,DEMO
2020-02-24,102.31,103.47,102.53,103.3,5718912,DEMO
2020-02-25,103.3,102.39,101.51,102.05,4896937,DEMO
2020-02-26,102.05,101.72,100.72,101.22,6497963,DEMO
2020-02-27,101.22,102.48,102.19,102.39,5102553,DEMO
2020-02-28,102.39,103.75,103.23,103.36,9434858,DEMO
2020-03-02,103.36,103.63,102.32,103.35,1475147,DEMO
2020-03-03,103.35,104.03,101.96,103.57,4017193,DEMO
2020-03-04,103.57,105.6,105.26,105.58,3112368,DEMO
2020-03-05,105.58,104.68,104.58,104.68,7818753,DEMO
2020-03-06,104.68,106.14,105.29,105.57,1876336,DEMO
2020-03-09,105.57,105.53,104.81,105.28,7436737,DEMO
2020-03-10,105.28,104.98,104.8,104.97,5898107,DEMO
2020-03-11,104.97,107.17,105.77,106.73,6782197,DEMO
2020-03-12,106.73,108.83,107.96,108.08,5071867,DEMO
2020-03-13,108.08,109.74,109.16,109.43,8110953,DEMO
2020-03-16,109.43,111.62,111.24,111.61,2418060,DEMO
2020-03-17,111.61,112.41,111.44,111.68,5228087,DEMO
2020-03-18,111.68,113.46,112.38,112.85,5228456,DEMO
2020-03-19,112.85,112.53,112.02,112.36,5639022,DEMO
2020-03-20,112.36,113.29,112.63,112.94,6796260,DEMO
2020-03-23,112.94,112.86,112.14,112.76,9537333,DEMO
2020-03-24,112.76,112.99,112.71,112.95,9879823,DEMO
2020-03-25,112.95,114.3,113.55,114.0,6997804,DEMO
2020-03-26,114.0,112.67,112.37,112.63,3268693,DEMO
2020-03-27,112.63,116.48,115.23,116.2,4924152,DEMO
2020-03-30,116.2,114.52,114.48,114.48,8688659,DEMO
2020-03-31,114.48,113.54,112.06,112.43,9710506,DEMO
2020-04-01,112.43,114.96,113.79,114.42,1685338,DEMO
2020-04-02,114.42,115.89,115.59,115.81,4502415,DEMO
2020-04-03,115.81,117.64,116.52,116.93,7334625,DEMO
2020-04-06,116.93,118.42,117.57,118.07,9443353,DEMO
2020-04-07,118.07,118.98,117.91,118.08,2683032,DEMO
2020-04-08,118.08,117.24,116.49,116.53,6232651,DEMO
2020-04-09,116.53,116.82,115.81,116.69,6954632,DEMO
2020-04-10,116.69,116.41,115.34,115.54,3118219,DEMO
2020-04-13,115.54,117.36,116.75,117.27,3148185,DEMO
2020-04-14,117.27,117.24,116.71,117.05,9433864,DEMO
2020-04-15,117.05,115.99,115.34,115.63,8037449,DEMO
2020-04-16,115.63,115.28,115.08,115.11,9890872,DEMO
2020-04-17,115.11,116.08,115.85,115.86,4346145,DEMO
2020-04-20,115.86,115.01,114.53,114.91,3183955,DEMO
2020-04-21,114.91,113.62,113.13,113.53,1479809,DEMO
2020-04-22,113.53,113.98,113.74,113.98,3650432,DEMO
2020-04-23,113.98,114.68,114.15,114.43,5175282,DEMO
2020-04-24,114.43,114.27,113.3,113.59,6455483,DEMO
2020-04-27,113.59,113.36,111.61,112.83,7864547,DEMO
2020-04-28,112.83,114.09,112.63,113.25,2767413,DEMO
2020-04-29,113.25,112.24,110.56,110.83,3573697,DEMO
2020-04-30,110.83,109.03,108.05,108.52,4600952,DEMO
2020-05-01,108.52,108.12,107.01,107.38,2971277,DEMO
2020-05-04,107.38,107.19,106.86,107.07,6546510,DEMO
2020-05-05,107.07,108.23,107.03,107.6,8896403,DEMO
2020-05-06,107.6,111.01,109.68,110.02,7097020,DEMO
2020-05-07,110.02,111.77,111.08,111.47,6354342,DEMO
2020-05-08,111.47,111.65,110.47,111.23,2196311,DEMO
2020-05-11,111.23,111.55,110.56,111.23,1142157,DEMO
2020-05-12,111.23,111.01,109.45,109.59,5788109,DEMO
2020-05-13,109.59,109.9,109.39,109.6,2462603,DEMO
2020-05-14,109.6,109.37,109.08,109.15,1136645,DEMO
2020-05-15,109.15,110.53,108.74,109.72,2652131,DEMO
2020-05-18,109.72,108.49,108.17,108.39,2186837,DEMO
2020-05-19,108.39,109.27,108.7,109.26,9730829,DEMO
2020-05-20,109.26,112.13,111.05,111.81,8845219,DEMO
2020-05-21,111.81,111.73,110.81,111.66,1053687,DEMO
2020-05-22,111.66,112.91,111.74,112.37,3490272,DEMO
2020-05-25,112.37,114.24,113.21,113.56,7843308,DEMO
2020-05-26,113.56,113.0,112.05,112.91,6173395,DEMO
2020-05-27,112.91,113.34,113.02,113.33,3629137,DEMO
2020-05-28,113.33,113.91,112.41,113.38,5776415,DEMO
2020-05-29,113.38,113.83,112.95,113.58,8208387,DEMO
2020-06-01,113.58,112.8,111.61,112.3,7892180,DEMO
2020-06-02,112.3,112.47,112.29,112.37,4861607,DEMO
2020-06-03,112.37,114.22,112.94,113.25,5124390,DEMO
2020-06-04,113.25,116.54,115.65,115.75,3656222,DEMO
2020-06-05,115.75,118.39,117.15,117.45,5434315,DEMO
2020-06-08,117.45,122.17,120.6,121.28,2553744,DEMO
2020-06-09,121.28,120.04,119.05,119.92,5266988,DEMO
2020-06-10,119.92,121.93,121.3,121.52,6693014,DEMO
2020-06-11,121.52,122.53,121.08,121.89,9121485,DEMO
2020-06-12,121.89,126.31,125.67,125.93,6459501,DEMO
2020-06-15,125.93,125.58,124.28,124.44,8575327,DEMO
2020-06-16,124.44,123.33,122.32,122.91,5013582,DEMO
2020-06-17,122.91,122.14,121.26,121.84,3872875,DEMO
2020-06-18,121.84,119.27,117.8,118.0,2841646,DEMO
2020-06-19,118.0,117.46,117.08,117.1,6800545,DEMO
2020-06-22,117.1,116.24,115.79,115.81,8970564,DEMO
2020-06-23,115.81,116.28,115.66,116.1,9038508,DEMO
2020-06-24,116.1,117.49,116.6,116.73,2596246,DEMO
2020-06-25,116.73,120.99,119.5,120.05,9194253,DEMO
2020-06-26,120.05,121.82,121.26,121.8,5428622,DEMO
2020-06-29,121.8,121.24,120.16,120.78,3469930,DEMO
2020-06-30,120.78,119.46,118.09,119.19,1131936,DEMO
2020-07-01,119.19,120.51,119.55,120.11,9226036,DEMO
2020-07-02,120.11,118.95,116.88,117.76,6152030,DEMO
2020-07-03,117.76,121.12,120.64,121.03,5842256,DEMO
2020-07-06,121.03,123.44,123.16,123.21,3469970,DEMO
2020-07-07,123.21,122.49,121.49,122.38,6062581,DEMO
2020-07-08,122.38,120.08,118.72,119.27,6312470,DEMO
2020-07-09,119.27,122.32,121.12,121.73,3578682,DEMO
2020-07-10,121.73,122.29,121.43,121.56,2504900,DEMO
2020-07-13,121.56,124.26,123.81,123.85,9580504,DEMO
2020-07-14,123.85,121.56,120.49,120.93,6283422,DEMO
2020-07-15,120.93,120.2,119.77,119.88,5607765,DEMO
2020-07-16,119.88,120.63,119.59,119.92,8157676,DEMO
2020-07-17,119.92,120.47,119.88,120.04,3380612,DEMO
2020-07-20,120.04,119.86,118.27,119.27,9622587,DEMO
2020-07-21,119.27,120.87,119.61,120.42,9666712,DEMO
2020-07-22,120.42,119.37,117.76,118.53,6219574,DEMO
2020-07-23,118.53,119.2,117.82,118.31,6569451,DEMO
2020-07-24,118.31,118.75,118.08,118.56,5791882,DEMO
2020-07-27,118.56,119.66,118.82,119.51,7862758,DEMO
2020-07-28,119.51,121.62,120.32,120.82,1995893,DEMO
2020-07-29,120.82,119.15,117.9,118.82,3670492,DEMO
2020-07-30,118.82,116.38,115.47,116.12,8354421,DEMO
2020-07-31,116.12,119.66,117.84,118.38,3977299,DEMO
2020-08-03,118.38,119.39,118.4,119.0,3934317,DEMO
2020-08-04,119.0,118.25,117.54,117.7,5537454,DEMO
2020-08-05,117.7,120.51,120.15,120.48,9151168,DEMO
2020-08-06,120.48,120.89,120.52,120.72,2546064,DEMO
2020-08-07,120.72,123.83,122.65,122.89,4240641,DEMO
2020-08-10,122.89,123.37,122.24,123.06,3715548,DEMO
2020-08-11,123.06,127.24,126.23,126.9,1779091,DEMO
2020-08-12,126.9,130.97,129.51,130.28,2706930,DEMO
2020-08-13,130.28,130.07,129.68,129.83,6967520,DEMO
2020-08-14,129.83,132.31,131.73,131.76,1964795,DEMO
2020-08-17,131.76,133.77,132.06,133.07,2578458,DEMO
2020-08-18,133.07,137.18,135.5,135.85,9658123,DEMO
2020-08-19,135.85,135.3,133.54,133.92,6981804,DEMO
2020-08-20,133.92,136.09,135.3,135.34,8583491,DEMO
2020-08-21,135.34,137.68,136.76,137.53,1671986,DEMO
2020-08-24,137.53,134.13,133.72,133.94,9526508,DEMO
2020-08-25,133.94,131.81,131.23,131.6,8845772,DEMO
2020-08-26,131.6,128.14,126.97,127.62,9048056,DEMO
2020-08-27,127.62,127.69,127.13,127.14,7989875,DEMO
2020-08-28,127.14,128.92,128.44,128.55,9901674,DEMO
2020-08-31,128.55,131.59,131.34,131.48,5008146,DEMO
2020-09-01,131.48,131.85,131.43,131.67,3361331,DEMO
2020-09-02,131.67,135.09,134.84,134.92,2158343,DEMO
2020-09-03,134.92,133.23,131.63,132.17,1541529,DEMO
2020-09-04,132.17,129.15,128.55,128.83,5348530,DEMO
2020-09-07,128.83,129.24,127.73,128.77,9283161,DEMO
2020-09-08,128.77,129.98,128.41,129.55,6156758,DEMO
2020-09-09,129.55,130.28,128.63,129.52,3153548,DEMO
2020-09-10,129.52,125.66,124.73,125.54,9507528,DEMO
2020-09-11,125.54,126.23,124.98,125.41,1406547,DEMO
2020-09-14,125.41,123.24,122.69,123.0,2657583,DEMO
2020-09-15,123.0,124.67,124.11,124.27,1063014,DEMO
2020-09-16,124.27,125.32,124.81,124.99,7477006,DEMO
2020-09-17,124.99,123.63,123.12,123.27,6910494,DEMO
2020-09-18,123.27,123.11,121.87,122.35,2235382,DEMO
2020-09-21,122.35,120.46,120.03,120.45,6228298,DEMO
2020-09-22,120.45,120.55,119.82,120.37,5532889,DEMO
2020-09-23,120.37,123.17,121.62,122.13,9745386,DEMO
2020-09-24,122.13,120.5,120.32,120.36,8775679,DEMO
2020-09-25,120.36,122.88,120.87,121.31,4132293,DEMO
2020-09-28,121.31,120.72,119.97,120.38,5032371,DEMO
2020-09-29,120.38,120.03,118.1,118.98,3602352,DEMO
2020-09-30,118.98,119.27,118.48,118.83,2531817,DEMO
2020-10-01,118.83,117.24,116.88,117.02,7767835,DEMO
2020-10-02,117.02,116.83,115.79,116.08,3015074,DEMO
2020-10-05,116.08,114.41,113.76,114.03,6715175,DEMO
2020-10-06,114.03,117.51,117.38,117.42,8745863,DEMO
2020-10-07,117.42,118.24,117.09,117.52,5720058,DEMO
2020-10-08,117.52,116.44,116.04,116.32,7619511,DEMO
2020-10-09,116.32,117.23,116.01,116.73,2802502,DEMO
2020-10-12,116.73,116.91,116.06,116.57,2462538,DEMO
2020-10-13,116.57,116.56,115.7,116.22,7379878,DEMO
2020-10-14,116.22,118.3,116.88,117.32,6745980,DEMO
2020-10-15,117.32,118.93,118.67,118.69,3026819,DEMO
2020-10-16,118.69,118.49,117.38,117.78,6209995,DEMO
2020-10-19,117.78,117.06,116.68,116.8,4934053,DEMO
2020-10-20,116.8,117.05,115.73,116.35,8632749,DEMO
2020-10-21,116.35,112.71,111.04,112.37,6864075,DEMO
2020-10-22,112.37,109.93,109.42,109.85,1732722,DEMO
2020-10-23,109.85,112.15,111.36,112.14,6080692,DEMO
2020-10-26,112.14,115.39,114.76,114.94,7025261,DEMO
2020-10-27,114.94,114.91,114.13,114.54,9245044,DEMO
2020-10-28,114.54,115.64,115.43,115.57,4875416,DEMO
2020-10-29,115.57,116.39,115.3,116.14,6038460,DEMO
2020-10-30,116.14,122.08,120.73,121.54,8317619,DEMO
2020-11-02,121.54,123.89,123.19,123.62,7038602,DEMO
2020-11-03,123.62,123.86,123.04,123.42,5101599,DEMO
2020-11-04,123.42,121.91,120.64,121.69,2390598,DEMO
2020-11-05,121.69,119.82,117.61,118.79,5546925,DEMO
2020-11-06,118.79,119.43,118.73,119.19,5879797,DEMO
2020-11-09,119.19,118.0,117.55,117.87,4775702,DEMO
2020-11-10,117.87,115.93,114.9,115.39,5090284,DEMO
2020-11-11,115.39,115.12,114.09,114.31,7770161,DEMO
2020-11-12,114.31,113.48,112.46,112.49,7898410,DEMO
2020-11-13,112.49,116.25,115.35,115.37,3455918,DEMO
2020-11-16,115.37,117.67,115.81,116.93,9053048,DEMO
2020-11-17,116.93,117.27,116.94,116.95,9093212,DEMO
2020-11-18,116.95,121.11,119.17,119.58,9699043,DEMO
2020-11-19,119.58,120.09,119.46,119.76,9547085,DEMO
2020-11-20,119.76,118.35,117.39,118.24,8588173,DEMO
2020-11-23,118.24,121.91,120.22,120.98,8955229,DEMO
2020-11-24,120.98,123.22,121.5,122.0,8110928,DEMO
2020-11-25,122.0,121.37,119.97,120.13,4730370,DEMO
2020-11-26,120.13,120.55,119.66,119.83,4688173,DEMO
2020-11-27,119.83,118.9,117.82,118.29,7705836,DEMO
2020-11-30,118.29,116.21,115.67,115.87,9009806,DEMO
2020-12-01,115.87,117.97,117.18,117.52,2980407,DEMO
2020-12-02,117.52,121.25,120.33,120.92,7143192,DEMO
2020-12-03,120.92,118.9,118.22,118.42,4277746,DEMO
2020-12-04,118.42,119.45,119.09,119.45,1801125,DEMO
2020-12-07,119.45,118.42,117.68,118.32,3386537,DEMO
2020-12-08,118.32,117.76,117.01,117.49,3998778,DEMO
2020-12-09,117.49,116.89,114.77,116.48,3693695,DEMO
2020-12-10,116.48,115.56,114.29,115.01,2768693,DEMO
2020-12-11,115.01,115.18,114.35,115.13,6254230,DEMO
2020-12-14,115.13,114.57,112.98,113.73,4856600,DEMO
2020-12-15,113.73,114.87,113.95,114.22,1101894,DEMO
2020-12-16,114.22,114.28,113.86,114.17,2408277,DEMO
2020-12-17,114.17,114.2,113.48,113.8,7188753,DEMO
2020-12-18,113.8,113.33,112.14,112.28,4567945,DEMO
2020-12-21,112.28,111.39,111.27,111.34,4666569,DEMO
2020-12-22,111.34,112.71,112.45,112.64,4229112,DEMO
2020-12-23,112.64,114.38,113.47,113.52,2048966,DEMO
2020-12-24,113.52,112.24,110.65,111.89,8820783,DEMO
2020-12-25,111.89,112.66,111.96,112.09,8875889,DEMO
2020-12-28,112.09,114.44,112.9,113.39,5216794,DEMO
2020-12-29,113.39,111.26,110.48,110.58,3089632,DEMO
2020-12-30,110.58,111.84,109.85,111.51,8834112,DEMO
2020-12-31,111.51,110.56,110.24,110.44,5799412,DEMO
2021-01-01,110.44,111.95,111.24,111.42,8729578,DEMO
2021-01-04,111.42,110.38,109.67,110.18,1312579,DEMO
2021-01-05,110.18,107.81,106.97,107.23,7807040,DEMO
2021-01-06,107.23,105.63,104.42,104.64,7355421,DEMO
2021-01-07,104.64,105.56,104.43,104.75,2563825,DEMO
2021-01-08,104.75,105.44,104.11,105.19,4518920,DEMO
2021-01-11,105.19,104.37,103.2,103.79,5028604,DEMO
2021-01-12,103.79,104.89,104.57,104.82,8433980,DEMO
2021-01-13,104.82,103.14,101.76,102.24,2524631,DEMO
2021-01-14,102.24,102.33,101.88,102.17,6224369,DEMO
2021-01-15,102.17,100.41,99.88,100.34,5961914,DEMO
2021-01-18,100.34,99.62,99.18,99.39,8595853,DEMO
2021-01-19,99.39,100.28,99.34,99.49,8650961,DEMO
2021-01-20,99.49,98.49,97.76,98.24,1906395,DEMO
2021-01-21,98.24,97.96,97.25,97.7,2944606,DEMO
2021-01-22,97.7,99.78,98.58,99.2,9288515,DEMO
2021-01-25,99.2,99.79,98.35,98.37,5805028,DEMO
2021-01-26,98.37,99.65,99.28,99.64,1970278,DEMO
2021-01-27,99.64,98.85,97.36,97.98,9884527,DEMO
2021-01-28,97.98,99.61,98.68,98.79,6271513,DEMO
2021-01-29,98.79,101.18,100.8,100.95,6005231,DEMO
2021-02-01,100.95,97.53,96.06,97.24,3948134,DEMO
2021-02-02,97.24,96.33,95.9,96.11,2347203,DEMO
2021-02-03,96.11,97.45,96.3,96.97,7666781,DEMO
2021-02-04,96.97,96.85,96.43,96.7,9855197,DEMO
2021-02-05,96.7,97.64,96.77,97.27,2187018,DEMO
2021-02-08,97.27,97.01,95.41,96.42,6097579,DEMO
2021-02-09,96.42,96.62,95.8,96.57,8411979,DEMO
2021-02-10,96.57,96.47,95.47,96.37,3267357,DEMO
2021-02-11,96.37,98.52,97.17,98.09,2799971,DEMO
2021-02-12,98.09,98.9,98.3,98.49,1573881,DEMO
2021-02-15,98.49,99.13,98.59,99.02,7296665,DEMO
2021-02-16,99.02,98.62,98.18,98.44,6893868,DEMO
2021-02-17,98.44,98.2,96.46,97.75,8609387,DEMO
2021-02-18,97.75,97.54,97.14,97.15,6252807,DEMO
2021-02-19,97.15,98.48,97.59,97.75,4878551,DEMO
2021-02-22,97.75,97.29,96.71,97.16,4301394,DEMO
2021-02-23,97.16,97.62,97.12,97.61,3827364,DEMO
2021-02-24,97.61,101.06,100.64,100.68,4354513,DEMO
2021-02-25,100.68,103.26,101.55,102.03,2613560,DEMO
2021-02-26,102.03,102.01,101.43,101.56,3293673,DEMO
2021-03-01,101.56,103.8,102.96,103.42,4475488,DEMO
2021-03-02,103.42,102.96,102.61,102.82,4020745,DEMO
2021-03-03,102.82,99.74,99.21,99.7,5644068,DEMO
2021-03-04,99.7,98.48,97.91,98.23,4302923,DEMO
2021-03-05,98.23,96.25,95.09,95.5,6643893,DEMO
2021-03-08,95.5,95.28,94.91,95.02,4195741,DEMO
2021-03-09,95.02,95.46,95.06,95.08,9605094,DEMO
2021-03-10,95.08,98.11,96.79,97.5,9815496,DEMO
2021-03-11,97.5,98.15,97.86,98.01,1835988,DEMO
2021-03-12,98.01,98.38,97.69,97.71,6104459,DEMO
2021-03-15,97.71,99.19,97.66,98.96,9103670,DEMO
2021-03-16,98.96,95.72,95.17,95.71,1550428,DEMO
2021-03-17,95.71,96.85,95.37,96.07,3089706,DEMO
2021-03-18,96.07,97.78,96.73,97.21,5305665,DEMO
2021-03-19,97.21,95.43,94.95,95.09,3889190,DEMO
2021-03-22,95.09,97.14,95.89,96.75,9785780,DEMO
2021-03-23,96.75,97.36,97.08,97.27,8751938,DEMO
2021-03-24,97.27,97.24,96.5,96.69,8660678,DEMO
2021-03-25,96.69,98.13,97.61,97.64,1255658,DEMO
2021-03-26,97.64,101.02,100.37,100.99,2730283,DEMO
2021-03-29,100.99,101.51,100.74,101.3,7395300,DEMO
2021-03-30,101.3,102.06,101.39,101.7,6029792,DEMO
2021-03-31,101.7,101.12,100.37,101.03,7389690,DEMO
2021-04-01,101.03,99.96,99.67,99.78,7766174,DEMO
2021-04-02,99.78,101.47,100.64,101.05,1751993,DEMO
2021-04-05,101.05,99.82,99.75,99.78,1828282,DEMO
2021-04-06,99.78,100.45,99.3,99.92,9860369,DEMO
2021-04-07,99.92,100.68,99.01,99.23,7615920,DEMO
2021-04-08,99.23,100.19,99.95,99.98,8313367,DEMO
2021-04-09,99.98,100.96,100.48,100.51,8359659,DEMO
2021-04-12,100.51,103.31,101.67,102.1,8663998,DEMO
2021-04-13,102.1,101.86,100.21,101.35,6465513,DEMO
2021-04-14,101.35,101.28,100.66,100.97,1317942,DEMO
2021-04-15,100.97,100.54,99.41,99.52,4894456,DEMO
2021-04-16,99.52,98.89,98.29,98.88,1337462,DEMO
2021-04-19,98.88,99.84,99.23,99.47,6609210,DEMO
2021-04-20,99.47,100.72,99.69,100.63,4928207,DEMO
2021-04-21,100.63,99.95,98.96,99.27,9810381,DEMO
2021-04-22,99.27,100.92,100.28,100.6,3430630,DEMO
2021-04-23,100.6,103.08,102.06,102.67,5563167,DEMO
2021-04-26,102.67,103.59,103.02,103.34,8463131,DEMO
2021-04-27,103.34,106.79,106.18,106.28,3795126,DEMO
2021-04-28,106.28,105.14,104.76,105.08,8614896,DEMO
2021-04-29,105.08,103.98,102.01,103.15,6562632,DEMO
2021-04-30,103.15,100.59,99.98,100.43,7398905,DEMO
2021-05-03,100.43,102.84,102.05,102.71,6345708,DEMO
2021-05-04,102.71,103.9,103.41,103.75,5266399,DEMO
2021-05-05,103.75,104.5,103.1,103.69,3727364,DEMO
2021-05-06,103.69,104.62,104.05,104.16,9476201,DEMO
2021-05-07,104.16,102.47,102.43,102.43,6582266,DEMO
2021-05-10,102.43,106.32,105.9,106.22,1902473,DEMO
2021-05-11,106.22,108.16,106.1,106.46,1126202,DEMO
2021-05-12,106.46,106.82,106.27,106.67,9507150,DEMO
2021-05-13,106.67,108.26,107.81,107.86,2417158,DEMO
2021-05-14,107.86,108.9,108.42,108.67,2835932,DEMO
2021-05-17,108.67,109.69,108.27,109.07,3672762,DEMO
2021-05-18,109.07,107.87,107.43,107.81,4716434,DEMO
2021-05-19,107.81,109.38,108.17,108.6,1455433,DEMO
2021-05-20,108.6,112.21,111.65,111.7,9478748,DEMO
2021-05-21,111.7,114.37,113.18,113.99,2515554,DEMO
2021-05-24,113.99,117.84,116.51,116.75,2584645,DEMO
2021-05-25,116.75,116.51,115.39,115.89,4230786,DEMO
2021-05-26,115.89,114.46,113.4,114.2,5676103,DEMO
2021-05-27,114.2,114.75,113.62,114.02,4416403,DEMO
2021-05-28,114.02,114.19,113.9,114.15,8639214,DEMO
2021-05-31,114.15,116.55,115.78,116.06,8690115,DEMO
2021-06-01,116.06,113.42,112.98,113.14,4621420,DEMO
2021-06-02,113.14,116.26,115.51,115.77,4943439,DEMO
2021-06-03,115.77,115.91,115.42,115.53,2251661,DEMO
2021-06-04,115.53,115.42,114.65,114.83,2114100,DEMO
2021-06-07,114.83,113.31,112.16,113.12,8816184,DEMO
2021-06-08,113.12,110.57,109.76,110.35,2509390,DEMO
2021-06-09,110.35,112.28,111.64,111.74,3007878,DEMO
2021-06-10,111.74,112.14,111.37,111.9,5712037,DEMO
2021-06-11,111.9,110.9,109.2,109.77,9704225,DEMO
2021-06-14,109.77,108.24,107.45,107.67,8228840,DEMO
2021-06-15,107.67,107.17,106.19,107.16,2804053,DEMO
2021-06-16,107.16,110.65,109.75,109.87,7281328,DEMO
2021-06-17,109.87,109.52,109.01,109.48,5470756,DEMO
2021-06-18,109.48,107.28,106.69,107.04,9480171,DEMO
2021-06-21,107.04,107.25,106.1,106.68,3827754,DEMO
2021-06-22,106.68,106.5,105.86,106.28,5953799,DEMO
2021-06-23,106.28,102.1,101.82,102.01,9239115,DEMO
2021-06-24,102.01,102.46,101.24,101.96,9351184,DEMO
2021-06-25,101.96,102.24,101.62,101.63,4739469,DEMO
2021-06-28,101.63,104.05,102.26,102.72,9642979,DEMO
2021-06-29,102.72,105.91,105.13,105.6,3199318,DEMO
2021-06-30,105.6,107.6,106.6,107.42,6257386,DEMO
2021-07-01,107.42,107.12,106.75,107.02,4094510,DEMO
2021-07-02,107.02,105.46,104.73,105.28,1420888,DEMO
2021-07-05,105.28,109.56,109.01,109.37,9295953,DEMO
2021-07-06,109.37,109.66,109.03,109.5,6570090,DEMO
2021-07-07,109.5,109.65,108.96,109.56,1190285,DEMO
2021-07-08,109.56,110.27,109.06,109.55,4196699,DEMO
2021-07-09,109.55,110.46,109.81,109.91,3211130,DEMO
2021-07-12,109.91,110.33,109.4,109.7,2207739,DEMO
2021-07-13,109.7,109.51,108.15,108.79,9176958,DEMO
2021-07-14,108.79,108.0,107.45,107.93,4128411,DEMO
2021-07-15,107.93,109.06,107.59,107.91,6130418,DEMO
2021-07-16,107.91,107.39,106.56,107.06,3716826,DEMO
2021-07-19,107.06,106.64,105.71,105.95,2488543,DEMO
2021-07-20,105.95,106.16,105.43,106.15,6853294,DEMO
2021-07-21,106.15,106.31,105.33,105.78,6929191,DEMO
2021-07-22,105.78,108.47,107.53,108.2,3702303,DEMO
2021-07-23,108.2,104.36,103.64,103.93,3437587,DEMO
2021-07-26,103.93,105.95,105.33,105.66,7417115,DEMO
2021-07-27,105.66,107.79,107.29,107.67,6587757,DEMO
2021-07-28,107.67,104.54,104.05,104.35,2111288,DEMO
2021-07-29,104.35,104.05,103.71,103.84,4298273,DEMO
2021-07-30,103.84,103.77,103.02,103.3,8316359,DEMO
2021-08-02,103.3,101.96,100.64,101.15,9992719,DEMO
2021-08-03,101.15,100.16,99.02,100.0,7323686,DEMO
2021-08-04,100.0,98.96,98.19,98.36,7594244,DEMO
2021-08-05,98.36,101.74,100.19,100.98,1831635,DEMO
2021-08-06,100.98,102.94,102.38,102.42,2467217,DEMO
2021-08-09,102.42,104.63,104.27,104.41,3744686,DEMO
2021-08-10,104.41,105.78,105.21,105.57,4230545,DEMO
2021-08-11,105.57,103.83,103.66,103.81,8578689,DEMO
2021-08-12,103.81,103.49,102.86,103.03,8557065,DEMO
2021-08-13,103.03,103.98,103.44,103.82,1231414,DEMO
2021-08-16,103.82,102.54,101.77,101.94,3402110,DEMO
2021-08-17,101.94,103.68,102.9,103.06,2643083,DEMO
2021-08-18,103.06,102.96,102.48,102.72,6050058,DEMO
2021-08-19,102.72,102.28,101.39,102.18,1021650,DEMO
2021-08-20,102.18,103.44,102.91,103.3,2404962,DEMO
2021-08-23,103.3,104.15,103.7,104.02,4023846,DEMO
2021-08-24,104.02,103.79,102.96,103.48,3913293,DEMO
2021-08-25,103.48,105.57,105.19,105.32,9594859,DEMO
2021-08-26,105.32,104.09,103.62,103.64,7825687,DEMO
2021-08-27,103.64,105.33,104.56,104.63,4844328,DEMO
2021-08-30,104.63,105.66,105.41,105.59,8779008,DEMO
2021-08-31,105.59,106.15,104.38,105.13,7020010,DEMO
2021-09-01,105.13,106.21,105.11,105.68,8121782,DEMO
2021-09-02,105.68,104.08,103.04,103.73,6172886,DEMO
2021-09-03,103.73,105.46,104.87,105.19,5513207,DEMO
2021-09-06,105.19,105.03,104.24,104.93,9050763,DEMO
2021-09-07,104.93,104.33,103.94,104.14,2724854,DEMO
2021-09-08,104.14,106.07,105.24,105.81,9771419,DEMO
2021-09-09,105.81,105.06,103.67,104.73,5695995,DEMO
2021-09-10,104.73,103.11,102.02,102.55,2008314,DEMO
2021-09-13,102.55,100.39,100.06,100.18,5408608,DEMO
2021-09-14,100.18,101.24,100.59,101.12,3493330,DEMO
2021-09-15,101.12,99.54,99.14,99.21,7730419,DEMO
2021-09-16,99.21,102.82,101.84,101.85,7605949,DEMO
2021-09-17,101.85,98.77,98.53,98.7,5396208,DEMO
2021-09-20,98.7,101.74,100.45,101.24,1711716,DEMO
2021-09-21,101.24,102.16,101.18,101.59,3767257,DEMO
2021-09-22,101.59,101.54,100.7,101.48,8542242,DEMO
2021-09-23,101.48,101.77,100.43,100.68,8359055,DEMO
2021-09-24,100.68,101.74,100.6,101.31,2699660,DEMO
2021-09-27,101.31,101.56,101.1,101.28,7110845,DEMO
2021-09-28,101.28,103.04,101.91,102.99,1345430,DEMO
2021-09-29,102.99,103.37,102.88,103.2,2857845,DEMO
2021-09-30,103.2,103.56,103.0,103.46,3505365,DEMO
2021-10-01,103.46,103.29,102.62,102.93,7312379,DEMO
2021-10-04,102.93,103.1,102.81,102.87,9135340,DEMO
2021-10-05,102.87,103.64,102.37,103.38,1847405,DEMO
2021-10-06,103.38,100.89,100.5,100.76,1233462,DEMO
2021-10-07,100.76,99.11,98.23,98.75,7342869,DEMO
2021-10-08,98.75,100.19,99.14,99.88,3986068,DEMO
2021-10-11,99.88,100.63,99.18,100.17,2968921,DEMO
2021-10-12,100.17,100.46,99.92,99.92,4401447,DEMO
2021-10-13,99.92,100.24,99.47,99.98,6515328,DEMO
2021-10-14,99.98,100.93,99.85,100.53,9798834,DEMO
2021-10-15,100.53,99.93,99.37,99.74,6369919,DEMO
2021-10-18,99.74,99.52,98.37,98.61,2764694,DEMO
2021-10-19,98.61,99.04,98.32,98.93,7471530,DEMO
2021-10-20,98.93,97.68,96.69,97.51,2807254,DEMO
2021-10-21,97.51,98.14,97.86,98.13,6002828,DEMO
2021-10-22,98.13,95.8,95.24,95.66,1131562,DEMO
2021-10-25,95.66,97.55,96.2,97.16,6904214,DEMO
2021-10-26,97.16,98.67,97.62,97.88,7933966,DEMO
2021-10-27,97.88,98.8,98.12,98.28,6590240,DEMO
2021-10-28,98.28,100.3,99.59,99.76,9358827,DEMO
2021-10-29,99.76,102.77,101.49,102.29,1360306,DEMO
2021-11-01,102.29,104.76,103.43,103.87,8565991,DEMO
2021-11-02,103.87,101.09,100.83,101.04,3724274,DEMO
2021-11-03,101.04,99.21,98.9,99.13,2594502,DEMO
2021-11-04,99.13,98.26,98.21,98.23,2488303,DEMO
2021-11-05,98.23,98.87,98.02,98.29,6982547,DEMO
2021-11-08,98.29,99.55,97.83,99.09,1518490,DEMO
2021-11-09,99.09,98.16,97.89,98.04,5229228,DEMO
2021-11-10,98.04,98.82,98.22,98.34,2903124,DEMO
2021-11-11,98.34,97.5,96.7,97.26,3792537,DEMO
2021-11-12,97.26,96.49,96.21,96.39,7254887,DEMO
2021-11-15,96.39,94.86,94.29,94.39,4147887,DEMO
2021-11-16,94.39,94.37,92.29,93.11,7864684,DEMO
2021-11-17,93.11,91.56,90.53,91.25,2587542,DEMO
2021-11-18,91.25,90.24,89.73,89.94,4862163,DEMO
2021-11-19,89.94,92.23,91.32,91.39,8745269,DEMO
2021-11-22,91.39,90.35,90.08,90.12,5856436,DEMO
2021-11-23,90.12,94.35,93.49,93.7,8056784,DEMO
2021-11-24,93.7,94.49,94.33,94.42,9543144,DEMO
2021-11-25,94.42,95.17,94.36,94.71,7234408,DEMO
2021-11-26,94.71,94.28,92.99,93.52,1624773,DEMO
2021-11-29,93.52,95.16,94.24,94.53,8581002,DEMO
2021-11-30,94.53,94.51,93.45,93.75,3017528,DEMO
2021-12-01,93.75,94.29,93.57,93.95,2678332,DEMO
2021-12-02,93.95,97.62,97.14,97.58,2002021,DEMO
2021-12-03,97.58,98.25,97.16,97.47,7292357,DEMO
2021-12-06,97.47,99.3,99.05,99.18,3185132,DEMO
2021-12-07,99.18,98.58,97.76,98.16,1292007,DEMO
2021-12-08,98.16,99.21,98.12,98.14,7778519,DEMO
2021-12-09,98.14,100.87,100.55,100.78,3928785,DEMO
2021-12-10,100.78,99.92,99.6,99.86,5791164,DEMO
2021-12-13,99.86,102.89,102.5,102.6,2612119,DEMO
2021-12-14,102.6,103.75,103.62,103.72,8927532,DEMO
2021-12-15,103.72,103.75,102.5,102.88,9776381,DEMO
2021-12-16,102.88,104.21,103.8,103.89,7277120,DEMO
2021-12-17,103.89,105.54,104.62,105.43,5216803,DEMO
2021-12-20,105.43,106.84,106.19,106.45,3583677,DEMO
2021-12-21,106.45,104.66,103.83,103.97,1143704,DEMO
2021-12-22,103.97,103.19,102.74,102.87,9454364,DEMO
2021-12-23,102.87,102.54,102.4,102.52,7731666,DEMO
2021-12-24,102.52,102.66,102.4,102.44,8891784,DEMO
2021-12-27,102.44,103.78,103.17,103.42,8775872,DEMO
2021-12-28,103.42,104.46,103.27,103.73,5714386,DEMO
2021-12-29,103.73,101.72,101.35,101.68,3396640,DEMO
2021-12-30,101.68,103.06,101.68,102.29,7375247,DEMO
2021-12-31,102.29,103.65,102.72,103.26,7994791,DEMO
2022-01-03,103.26,104.2,103.9,104.16,4278262,DEMO
2022-01-04,104.16,106.65,105.69,105.88,9246673,DEMO
2022-01-05,105.88,107.4,106.82,107.23,8421473,DEMO
2022-01-06,107.23,108.41,107.3,108.0,2916796,DEMO
2022-01-07,108.0,108.09,107.68,107.92,2286188,DEMO
2022-01-10,107.92,105.97,105.17,105.27,9822405,DEMO
2022-01-11,105.27,106.97,105.66,105.98,4085945,DEMO
2022-01-12,105.98,106.4,106.04,106.34,5168773,DEMO
2022-01-13,106.34,106.89,106.58,106.8,7637034,DEMO
2022-01-14,106.8,105.14,104.3,104.79,8948838,DEMO
2022-01-17,104.79,103.23,103.11,103.12,2784094,DEMO
2022-01-18,103.12,105.18,104.34,104.78,1239608,DEMO
2022-01-19,104.78,104.92,104.45,104.75,4662097,DEMO
2022-01-20,104.75,106.27,104.91,105.85,9737723,DEMO
2022-01-21,105.85,106.5,105.74,105.93,9054515,DEMO
2022-01-24,105.93,106.02,105.85,106.01,5297084,DEMO
2022-01-25,106.01,108.55,107.43,107.53,4146243,DEMO
2022-01-26,107.53,106.76,105.3,106.73,5042942,DEMO
2022-01-27,106.73,107.3,106.73,106.92,1853159,DEMO
2022-01-28,106.92,107.01,105.68,106.21,4898888,DEMO
2022-01-31,106.21,106.5,105.5,105.55,1895596,DEMO
2022-02-01,105.55,105.92,104.16,105.09,8648392,DEMO
2022-02-02,105.09,105.61,105.43,105.47,3431129,DEMO
2022-02-03,105.47,105.01,104.31,104.75,2600720,DEMO
2022-02-04,104.75,107.6,106.26,106.75,3605327,DEMO
2022-02-07,106.75,105.82,105.06,105.35,4219598,DEMO
2022-02-08,105.35,105.34,105.03,105.09,7184546,DEMO
2022-02-09,105.09,104.5,104.09,104.43,7387958,DEMO
2022-02-10,104.43,107.58,105.8,106.72,9979219,DEMO
2022-02-11,106.72,107.55,106.9,107.07,9817164,DEMO
2022-02-14,107.07,108.91,107.76,108.76,4675049,DEMO
2022-02-15,108.76,106.84,105.94,106.37,7626924,DEMO
2022-02-16,106.37,107.98,106.57,106.83,7045001,DEMO
2022-02-17,106.83,108.67,108.08,108.28,6876924,DEMO
2022-02-18,108.28,108.56,108.24,108.45,9868958,DEMO
2022-02-21,108.45,110.76,109.15,110.22,1496232,DEMO
2022-02-22,110.22,109.47,109.24,109.39,4634183,DEMO
2022-02-23,109.39,111.78,111.27,111.74,8602242,DEMO
2022-02-24,111.74,115.76,115.6,115.63,3628973,DEMO
2022-02-25,115.63,115.41,114.22,115.03,4912669,DEMO
2022-02-28,115.03,114.39,114.27,114.3,4991818,DEMO
2022-03-01,114.3,117.08,115.83,116.82,9164962,DEMO
2022-03-02,116.82,120.28,118.88,119.63,4779044,DEMO
2022-03-03,119.63,119.56,118.69,118.72,7041084,DEMO
2022-03-04,118.72,118.07,117.45,118.01,6070121,DEMO
2022-03-07,118.01,117.56,117.33,117.55,1250231,DEMO
2022-03-08,117.55,115.62,114.23,115.21,5735524,DEMO
2022-03-09,115.21,113.79,113.13,113.66,4372105,DEMO
2022-03-10,113.66,112.52,111.11,111.98,7741499,DEMO
2022-03-11,111.98,110.88,110.57,110.73,1978935,DEMO
2022-03-14,110.73,111.04,110.57,110.7,6267528,DEMO
2022-03-15,110.7,111.32,110.96,111.12,3130118,DEMO
2022-03-16,111.12,114.39,112.66,113.74,1420993,DEMO
2022-03-17,113.74,112.13,111.16,112.07,4401461,DEMO
2022-03-18,112.07,113.78,112.5,113.76,3260791,DEMO
2022-03-21,113.76,113.55,113.34,113.43,9634939,DEMO
2022-03-22,113.43,113.45,113.21,113.38,5601318,DEMO
2022-03-23,113.38,115.64,113.69,114.56,8274324,DEMO
2022-03-24,114.56,112.97,111.83,112.67,5080790,DEMO
2022-03-25,112.67,113.4,112.68,113.35,3752690,DEMO
2022-03-28,113.35,113.75,113.54,113.66,2003510,DEMO
2022-03-29,113.66,115.13,113.91,114.54,2071192,DEMO
2022-03-30,114.54,115.8,114.73,115.07,4415473,DEMO
2022-03-31,115.07,119.86,118.84,119.34,2860371,DEMO
2022-04-01,119.34,118.81,117.87,118.23,8778512,DEMO
2022-04-04,118.23,117.58,117.01,117.33,2571480,DEMO
2022-04-05,117.33,116.64,115.95,116.27,4615590,DEMO
2022-04-06,116.27,116.36,114.85,115.33,3360901,DEMO
2022-04-07,115.33,114.95,113.63,114.26,8238225,DEMO
2022-04-08,114.26,116.87,116.21,116.34,3952053,DEMO
2022-04-11,116.34,119.45,118.13,118.85,4291987,DEMO
2022-04-12,118.85,118.26,117.57,117.87,8541714,DEMO
2022-04-13,117.87,117.24,116.01,116.43,5263272,DEMO
2022-04-14,116.43,117.44,117.16,117.29,9973326,DEMO
2022-04-15,117.29,116.52,115.67,116.35,6492952,DEMO
2022-04-18,116.35,117.65,117.38,117.49,7297042,DEMO
2022-04-19,117.49,117.97,117.57,117.89,5052579,DEMO
2022-04-20,117.89,115.71,114.96,115.24,8200262,DEMO
2022-04-21,115.24,118.42,117.3,117.95,4884175,DEMO
2022-04-22,117.95,122.22,120.75,121.16,8725166,DEMO
2022-04-25,121.16,120.87,119.84,120.09,8689205,DEMO
2022-04-26,120.09,120.42,119.24,119.42,2609425,DEMO
2022-04-27,119.42,120.59,119.47,119.97,3303707,DEMO
2022-04-28,119.97,121.29,120.08,120.61,1998899,DEMO
2022-04-29,120.61,122.5,121.51,121.84,6462610,DEMO
2022-05-02,121.84,125.81,124.78,125.55,3098729,DEMO
2022-05-03,125.55,125.95,124.85,125.25,8237310,DEMO
2022-05-04,125.25,123.92,123.51,123.79,2820844,DEMO
2022-05-05,123.79,121.45,120.0,121.27,1951302,DEMO
2022-05-06,121.27,120.44,119.62,119.97,8568538,DEMO
2022-05-09,119.97,120.74,119.93,119.95,2120803,DEMO
2022-05-10,119.95,124.07,122.65,123.21,8139845,DEMO
2022-05-11,123.21,122.64,121.72,122.29,8587973,DEMO
2022-05-12,122.29,122.87,122.33,122.74,1150653,DEMO
2022-05-13,122.74,123.78,122.57,122.75,3488144,DEMO
2022-05-16,122.75,125.48,124.86,124.97,6962413,DEMO
2022-05-17,124.97,130.37,128.3,129.75,6127319,DEMO
2022-05-18,129.75,129.79,127.39,128.75,4483978,DEMO
2022-05-19,128.75,128.64,127.46,127.85,6942654,DEMO
2022-05-20,127.85,130.27,129.59,129.89,6839741,DEMO
2022-05-23,129.89,131.27,129.45,131.26,6088539,DEMO
2022-05-24,131.26,135.12,134.59,134.93,7935426,DEMO
2022-05-25,134.93,136.7,135.79,136.15,6780554,DEMO
2022-05-26,136.15,135.75,134.52,135.46,9774821,DEMO
2022-05-27,135.46,137.02,136.44,136.7,6297340,DEMO
2022-05-30,136.7,139.03,138.75,139.02,3496589,DEMO
2022-05-31,139.02,141.15,140.67,140.77,1416690,DEMO
2022-06-01,140.77,141.89,140.37,141.88,3996244,DEMO
2022-06-02,141.88,144.51,143.64,144.19,6359462,DEMO
2022-06-03,144.19,146.85,146.61,146.77,8838941,DEMO
2022-06-06,146.77,149.92,149.47,149.85,1678066,DEMO
2022-06-07,149.85,151.64,148.38,151.36,2877779,DEMO
2022-06-08,151.36,151.22,149.45,151.02,2625199,DEMO
2022-06-09,151.02,152.61,150.09,151.4,2801951,DEMO
2022-06-10,151.4,154.62,153.96,154.19,9441557,DEMO
2022-06-13,154.19,152.57,152.12,152.34,9228736,DEMO
2022-06-14,152.34,153.76,153.2,153.23,1789148,DEMO
2022-06-15,153.23,152.63,152.05,152.37,9340791,DEMO
2022-06-16,152.37,153.38,152.05,152.48,9372602,DEMO
2022-06-17,152.48,155.74,155.2,155.45,8008642,DEMO
2022-06-20,155.45,156.03,154.76,155.95,4821301,DEMO
2022-06-21,155.95,156.45,155.52,156.1,2308166,DEMO
2022-06-22,156.1,154.17,152.65,152.96,7192357,DEMO
2022-06-23,152.96,155.59,153.85,154.72,3511019,DEMO
2022-06-24,154.72,157.2,155.91,156.27,2330728,DEMO
2022-06-27,156.27,161.5,160.37,161.38,2029242,DEMO
2022-06-28,161.38,162.08,160.26,160.69,3167626,DEMO
2022-06-29,160.69,163.06,160.97,161.26,4708201,DEMO
2022-06-30,161.26,162.43,161.32,161.92,9738676,DEMO
2022-07-01,161.92,166.21,165.17,165.8,8283377,DEMO
2022-07-04,165.8,167.1,165.04,165.61,8017955,DEMO
2022-07-05,165.61,166.8,164.81,166.35,3738384,DEMO
2022-07-06,166.35,168.58,167.77,167.92,1404911,DEMO
2022-07-07,167.92,168.96,167.87,168.44,3508164,DEMO
2022-07-08,168.44,167.5,167.28,167.36,4319343,DEMO
2022-07-11,167.36,168.29,166.81,167.9,7174943,DEMO
2022-07-12,167.9,172.34,170.04,170.65,2169070,DEMO
2022-07-13,170.65,168.7,167.45,168.08,1171277,DEMO
2022-07-14,168.08,169.36,168.3,168.46,8351548,DEMO
2022-07-15,168.46,166.94,166.69,166.74,2361212,DEMO
2022-07-18,166.74,171.54,169.7,169.78,6880926,DEMO
2022-07-19,169.78,166.72,165.74,165.95,2603344,DEMO
2022-07-20,165.95,166.69,164.52,164.61,7562865,DEMO
2022-07-21,164.61,165.83,165.41,165.59,7929909,DEMO
2022-07-22,165.59,170.46,168.19,169.53,9113649,DEMO
2022-07-25,169.53,171.07,168.58,169.41,2381710,DEMO
2022-07-26,169.41,169.09,167.32,168.05,3591822,DEMO
2022-07-27,168.05,173.28,172.45,172.85,3057797,DEMO
2022-07-28,172.85,169.54,168.39,169.14,5415239,DEMO
2022-07-29,169.14,163.7,162.84,163.62,4101373,DEMO
2022-08-01,163.62,166.92,164.02,164.75,3800174,DEMO
2022-08-02,164.75,164.78,162.35,163.55,1873420,DEMO
2022-08-03,163.55,161.3,160.61,161.1,7002024,DEMO
2022-08-04,161.1,163.24,162.67,162.86,9881111,DEMO
2022-08-05,162.86,164.39,162.16,163.5,5412903,DEMO
2022-08-08,163.5,162.25,161.85,162.17,3565820,DEMO
2022-08-09,162.17,159.35,158.31,159.1,6834611,DEMO
2022-08-10,159.1,161.55,160.86,161.23,6534448,DEMO
2022-08-11,161.23,163.07,162.33,162.85,7332961,DEMO
2022-08-12,162.85,162.94,162.5,162.66,9369597,DEMO
2022-08-15,162.66,167.73,166.94,167.21,8442510,DEMO
2022-08-16,167.21,164.88,163.64,164.58,8402731,DEMO
2022-08-17,164.58,161.17,160.8,160.86,1944461,DEMO
2022-08-18,160.86,159.27,156.86,159.24,2467256,DEMO
2022-08-19,159.24,160.08,159.03,159.18,5349025,DEMO
2022-08-22,159.18,159.85,158.51,159.81,8112646,DEMO
2022-08-23,159.81,160.69,158.32,159.28,5330972,DEMO
2022-08-24,159.28,161.18,159.55,160.17,9667126,DEMO
2022-08-25,160.17,157.92,156.84,157.21,7934430,DEMO
2022-08-26,157.21,161.19,159.44,160.66,4411647,DEMO
2022-08-29,160.66,160.99,159.75,160.51,8725976,DEMO
2022-08-30,160.51,164.37,161.82,163.25,8098917,DEMO
2022-08-31,163.25,165.89,163.37,164.14,3705421,DEMO
2022-09-01,164.14,167.91,165.12,165.31,6798273,DEMO
2022-09-02,165.31,167.66,165.83,166.77,9795492,DEMO
2022-09-05,166.77,168.13,167.02,167.94,9535640,DEMO
2022-09-06,167.94,169.66,168.91,169.61,7942263,DEMO
2022-09-07,169.61,173.29,172.52,173.05,5652124,DEMO
2022-09-08,173.05,174.06,173.15,173.61,2362516,DEMO
2022-09-09,173.61,176.07,174.58,175.51,3375100,DEMO
2022-09-12,175.51,175.81,174.25,175.32,6227541,DEMO
2022-09-13,175.32,179.24,178.93,179.16,2718562,DEMO
2022-09-14,179.16,177.57,177.09,177.4,3256356,DEMO
2022-09-15,177.4,182.38,181.73,182.24,8215409,DEMO
2022-09-16,182.24,182.37,180.53,182.19,2329785,DEMO
2022-09-19,182.19,179.35,178.09,178.33,8179391,DEMO
2022-09-20,178.33,179.26,177.02,178.73,5299376,DEMO
2022-09-21,178.73,179.56,176.9,176.96,3761642,DEMO
2022-09-22,176.96,179.83,178.02,179.24,5283664,DEMO
2022-09-23,179.24,177.71,175.78,177.54,5881539,DEMO
2022-09-26,177.54,176.42,175.6,176.41,5964948,DEMO
2022-09-27,176.41,171.79,171.37,171.46,3758566,DEMO
2022-09-28,171.46,171.31,169.27,170.35,3328033,DEMO
2022-09-29,170.35,164.98,163.51,164.21,2155933,DEMO
2022-09-30,164.21,160.97,159.92,160.35,9175576,DEMO
2022-10-03,160.35,162.56,162.07,162.23,8166276,DEMO
2022-10-04,162.23,164.99,163.97,164.19,8691332,DEMO
2022-10-05,164.19,166.43,164.24,165.29,8059903,DEMO
2022-10-06,165.29,163.45,162.34,162.94,6441039,DEMO
2022-10-07,162.94,163.58,162.64,162.87,7077234,DEMO
2022-10-10,162.87,163.69,161.57,162.91,1194152,DEMO
2022-10-11,162.91,160.54,159.36,160.13,2928356,DEMO
2022-10-12,160.13,164.38,163.69,163.79,5797927,DEMO
2022-10-13,163.79,166.42,165.92,166.0,4119812,DEMO
2022-10-14,166.0,166.03,164.56,165.49,4800760,DEMO
2022-10-17,165.49,165.97,163.61,165.61,1975112,DEMO
2022-10-18,165.61,166.84,164.92,166.18,5033123,DEMO
2022-10-19,166.18,161.75,160.65,161.14,6414229,DEMO
2022-10-20,161.14,161.54,160.53,160.59,1555839,DEMO
2022-10-21,160.59,159.56,158.83,159.0,1614101,DEMO
2022-10-24,159.0,156.93,155.91,156.65,1449813,DEMO
2022-10-25,156.65,156.88,155.98,156.04,9227489,DEMO
2022-10-26,156.04,160.32,160.09,160.3,6147501,DEMO
2022-10-27,160.3,162.6,160.88,161.88,6121632,DEMO
2022-10-28,161.88,160.68,160.28,160.55,6896721,DEMO
2022-10-31,160.55,162.58,161.85,161.97,1551238,DEMO
